id,password,last_login,is_superuser,username,first_name,last_name,is_staff,is_active,date_joined,telphone,user_address,agree,email
1,pbkdf2_sha256$1000000$JDKzTCbOPUDvsWz4BuAi0j$GFHiTZOlxhB/vySg6JbPpNfVJ/BX7TcpSe5o/KkEaSM=,,0,"황윤아","","",0,1,"2025-08-06 04:41:33",01064542225,"서울특별시 광진구",1,a600@naver.com
2,pbkdf2_sha256$1000000$cTq4S2c1V9eugUrjgP0GNQ$5FF5Vo1KyZ2TWSwN7Uyja5O4s9b9Wz8CnpgtU23yrFE=,,0,"신미소","","",0,1,"2025-08-06 04:41:33",01033315130,"경기도 수원시",1,sin@naver.com
3,pbkdf2_sha256$1000000$h1N9T4rcLyJAJkIknjcjx5$FUsaxeWC5s9nwszFBYWNy19r8Iuze9EUtgQyJRKVrcE=,,0,"윤아람","","",0,1,"2025-08-06 04:41:33",01045086177,"경기도 파주시",1,yun@gmail.com
4,pbkdf2_sha256$1000000$nfKoQGHMMQnPoNCJG30mKs$mjGwOsrNyvy7ZJHiKg6d24Md/PUGCbNHHVqVXsHUw0w=,,0,"김하은","","",0,1,"2025-08-06 04:41:34",01011453319,"충청북도 청주시",1,kim@daum.net
5,pbkdf2_sha256$1000000$ptpaZkJtWDYRvIrFUur1xr$KEUzLw6d7qaKb/0ujcTw7BsgwT+qguXvN8yYwWJC4FI=,,0,"이준서","","",0,1,"2025-08-06 04:41:34",01052108404,"대전광역시 서구",1,juns@hanmail.net
6,pbkdf2_sha256$1000000$yeLP16KKZnq6xQyuYjKs3D$vCalStvGA51q316z0XqBBF6+tykGr3cCLtM5GXzop9I=,,0,"정예린","","",0,1,"2025-08-06 04:41:34",01058291752,"인천광역시 연수구",1,ye23@kmail.com
7,pbkdf2_sha256$1000000$9uoU7w5vfNGBSnvQOZ5akB$2I28FhlsZeDGdDxAid2iH53eSGuE4+dwWJ5b4FjoMNQ=,,0,"최민재","","",0,1,"2025-08-06 04:41:35",01088139897,"울산광역시 중구",1,min97@naver.com
8,pbkdf2_sha256$1000000$gnAiTmZeno9pCeYEvGRhF3$6CVCD6C7F3XD7XpEmWzw+LREi5JzjxzaLqmhbEggA8I=,,0,"이서진","","",0,1,"2025-08-06 04:41:35",01081093110,"서울특별시 강남구",1,seo9@gmail.com
9,pbkdf2_sha256$1000000$Kk7tri8VHIVYRe2wODysIr$PzbnrUSDvT02/YfQqsZVZEo4RSF671C1OxVonUFBs58=,,0,"이도현","","",0,1,"2025-08-06 04:41:35",01098579434,"서울특별시 마포구",1,ddo@hanmail.net
10,pbkdf2_sha256$1000000$ysEIvEZUm3uhihkCmBpER2$V2R4nuRXkRu3AK0cUWvkTpWYvrzGL81pJMuj7MbaGJE=,,0,"박건우","","",0,1,"2025-08-06 04:41:36",01084752769,"대구광역시 수성구",1,gun1@daum.net
11,pbkdf2_sha256$1000000$7buIRr15ZjwygB8WendzeL$93RfvERZ272pKCNZHDNA1L2MEC7IJmKN9/dSWUXPUaY=,,0,"정다은","","",0,1,"2025-08-06 04:41:36",01041413137,"부산광역시 남구",1,eun@gmail.com
12,pbkdf2_sha256$1000000$5xqaZPLBuad1T8ZBrWvplO$MLnXZph8dam6uejWkU0Xp7HpYlYSbkFxVNtJj5MXE7g=,,0,"박상훈","","",0,1,"2025-08-06 04:41:36",01090641794,"충청남도 천안시",1,hun@naver.com
13,pbkdf2_sha256$1000000$79KFLnDqNKnOc7yyQPgzXs$Hijwv6EkjG6pDUh6dlhtWcZHG3Om5iie1PMiHTUZ5xQ=,,0,"조민석","","",0,1,"2025-08-06 04:41:37",01042897077,"전라북도 전주시",1,suk@kmail.com
14,pbkdf2_sha256$1000000$4WxojmeYA1ebUtmp5luJWr$lq+4009Ues78Gb69MulKft1RKijdXV79zQYnGURvIO0=,,0,"황선희","","",0,1,"2025-08-06 04:41:37",01030137486,"전라남도 여수시",1,hee@hanmail.net
15,pbkdf2_sha256$1000000$dAtTvktLgakWRwTx3ShpZ5$6Si0sKe/SgmOHEgMz6r9U9UiEk2j9PPt7cLIGrsmdgo=,,0,"박정수","","",0,1,"2025-08-06 04:41:37",01030137486,"경상북도 포항시",1,soo2@daum.net
16,pbkdf2_sha256$1000000$d9uNT7yx4BwbdjBBbUNRMm$4z0cz5jH900woTxlmFBrY1ud+ByWr/x1LNTEdQwqt+o=,,0,"최영자","","",0,1,"2025-08-06 04:41:38",01012873367,"경기도 성남시",1,0ja@hanmail.net
17,pbkdf2_sha256$1000000$3NoOVV9OF0RA0SA3QbZUYi$oqxYP1j+rADm5GIprrbt0HBgMANlZ2GtinfQQsvLt0E=,,0,"한성우","","",0,1,"2025-08-06 04:41:38",01092056877,"서울특별시 강남구",1,uoo2@naver.com
18,pbkdf2_sha256$1000000$Ygg0RmsYKjY4MQRfydsJGt$7VHTUeo+hbB2hSRJDeJTiCH7ev3KEyvVKT7s+/5Hgm8=,,0,"이순희","","",0,1,"2025-08-06 04:41:38",01077304163,"충청남도 천안시",1,souu@kmail.com
19,pbkdf2_sha256$1000000$ymObiEYN5y760RDJYvSHBg$4ywM3LtnRVhOS4WEtIJ+FZF1tXmS3lgcUwILVgNQZOA=,,0,"오명숙","","",0,1,"2025-08-06 04:41:39",01043175855,"전라북도 전주시",1,suk35@naver.com
20,pbkdf2_sha256$1000000$dRrXck9k7pRXuoCoX0Hn5h$PYlBzY1SLLnSoaS0Nbs+D0NZnU+Thu5GuCJ2VWF84Co=,,0,"김병찬","","",0,1,"2025-08-06 04:41:39",01018372684,"서울특별시 마포구",1,chan57@naver.com
21,pbkdf2_sha256$1000000$tTn3P09eFgptMrQCMNOFRi$h6kCUmljoIFyJmvesAD0Z8a9D8DCtb1on5isscxbjXI=,,0,"장은경","","",0,1,"2025-08-06 04:41:40",01040867976,"서울특별시 성동구",1,gung88@gmail.com
22,pbkdf2_sha256$1000000$EO4N0UsAFhtRp8OQiHmBYP$/vQkVe/lbjoFkAIUS+blAqZOP6Vf4tm20zc1vj7iZxA=,,0,"신태호","","",0,1,"2025-08-06 04:41:40",01042092017,"서울특별시 광진구",1,ho23@hanmail.net
23,pbkdf2_sha256$1000000$kCaYFIuA1xJy0QiAE2qQbY$66ev1/4FXRm3Sq/V8RqLCMWOGeJeGhOixi4ZvG3EEk8=,,0,"임수현","","",0,1,"2025-08-06 04:41:40",01092248872,"서울특별시 강북구",1,ims@daum.net
24,pbkdf2_sha256$1000000$o6Wqefw1brjgSZMooFvgP2$ctn5y1hK58LOdvKSYpPYJE88RzptUSAHrWumlEFMGe8=,,0,"류지훈","","",0,1,"2025-08-06 04:41:41",01035312627,"충청북도 청주시",1,hun2@kmail.com
25,pbkdf2_sha256$1000000$08XIcfRr0qEXIfAZYObNdp$mDOs5JCpqT/9Y4ytqq8ac//AmW7Y+TuAayTudXCa/jQ=,,0,"나현우","","",0,1,"2025-08-06 04:41:41",01028767410,"광주광역시 북구",1,aoejv23@naver.com
26,pbkdf2_sha256$1000000$I70QxhX7iTDVxMOx8MN3Fp$dqu9tEn+OKwBN7CUOk/fzpjt6vTT0aIWNusECtJTFms=,,0,"문지민","","",0,1,"2025-08-06 04:41:41",01050223523,"부산광역시 해운대구",1,jimin68@daum.net
27,pbkdf2_sha256$1000000$xx8QxDdIHgFwNdDaBkhESU$40hG6eiDHxah4+jkhWFPUf2Jzw4Jp+X9Tvwk7EiNwpg=,,0,"김강철","","",0,1,"2025-08-06 04:41:42",01010308030,"경상남도 창원시",1,kkang3@gmail.com
28,pbkdf2_sha256$1000000$A8MAnlAqSCNjJdtTkqD09m$ymvImUD9KoZa3yqwDryLCwJ9DyWW6WbP/llvV59wyA8=,,0,"홍석희","","",0,1,"2025-08-06 04:41:42",01079851038,"서울특별시 송파구",1,hee88@kmail.com
29,pbkdf2_sha256$1000000$2eyixurP2aY1jZkdV4g8V0$MliHL8kaSbdPw+kzZkOLl5gXlgJ1ZxjG8P6SrquXa7Y=,,0,"김미란","","",0,1,"2025-08-06 04:41:42",01091115476,"경기도 고양시",1,mel@naver.com
30,pbkdf2_sha256$1000000$MFgZSHZMuhts6FMrjz6eO7$j4iUTATLAEoJ2txKFQy/9sO3EwAIYLMy8VIilzHp9Hk=,,0,"황민철","","",0,1,"2025-08-06 04:41:43",01039861705,"전라남도 나주시",1,minc@naver.com
31,pbkdf2_sha256$1000000$8NIiH9bVQH5W1clVc84G0o$yflOy5d9FSOCuqFBKoI8Rarp+1d5clvFfy4gVIhuqec=,,0,"장준수","","",0,1,"2025-08-06 04:41:43",01088874985,"서울특별시 동작구",1,junsu@naver.com
32,pbkdf2_sha256$1000000$3bpZHm3TI42BmyWjvgAnZs$Eh2XhmCzF5R4pzp8Q4xrhg4JWWunQAe/SlUea9mMcFI=,,0,"김지민","","",0,1,"2025-08-06 04:41:44",01031628072,"광주광역시 북구",1,jimi@gmail.com
33,pbkdf2_sha256$1000000$20w19K9cFkrlXXJiBoolQd$npvfjInWpscA/j2lI7zyWJ6mJZEAeYPZdTHG3B2eJx4=,,0,"편애란","","",0,1,"2025-08-06 04:41:44",01065721010,"경기도 용인시",1,aa234@gmail.com
34,pbkdf2_sha256$1000000$K7QYSR7w9MMuCqxM7yrCXy$sXJvEzp0U9tmvojc1WPJP4dxWMaM21pc2hz8I5gLykY=,,0,"신순후","","",0,1,"2025-08-06 04:41:44",01087321472,"서울특별시 은평구",1,sunhu@daum.net
35,pbkdf2_sha256$1000000$qql2VTMIR9k3ojXy5Uspvj$AWbiU1xHdmXq4+hI3ged1BaQHtqWSr0RFCZNHn6mKR8=,,0,"윤방철","","",0,1,"2025-08-06 04:41:45",01032476244,"경기도 수원시",1,bang@hanmail.net
36,pbkdf2_sha256$1000000$7BvxSw8kfyLzWLSDjMpIDr$bc4PQsxzFdCPObkkuujIzDIMMavvuIAGTSY3miLEIlw=,,0,"윤다슬","","",0,1,"2025-08-06 04:41:45",01024568765,"경기도 파주시",1,yun@naver.com
37,pbkdf2_sha256$1000000$5qKUyvQHENpGRnRl5PbOzV$HEVixxtKAp04skfD1e0dv+BmaRhClPoBZS1Hhu6I/z8=,,0,"박미현","","",0,1,"2025-08-06 04:41:45",01098246938,"서울특별시 강남구",1,pmh@gmail.com
38,pbkdf2_sha256$1000000$nRhcIXDbr2Y8pLrtSsCXGK$CiBX/OQoIVDRy/BV+lrnkrkI39kPkC60dVgRvOSIwAc=,,0,"김은주","","",0,1,"2025-08-06 04:41:46",01022993864,"전라남도 나주시",1,kimeun7@naver.com
39,pbkdf2_sha256$1000000$CAcsI7L6Wpds2pQmdgP7Dh$SE0onPgWQkMtfnfMcdI9cPw0Xu+kTlk3Qg6ACyKDfmg=,,0,"이혜정","","",0,1,"2025-08-06 04:41:46",01028748084,"울산광역시 중구",1,hejung@kmail.com
40,pbkdf2_sha256$1000000$zdHjENoWtVjrD17IWx5m59$2Dd0m+v4QSvIJ+mwEr/i8Bvctm9R2Tyt/70tMbqZ5Yc=,,0,"강인우","","",0,1,"2025-08-06 04:41:46",01029385902,"서울특별시 성동구",1,inner@gmail.com
41,pbkdf2_sha256$1000000$XJWwqmhtE5p4ZM1NpScBJu$bxN1y6OAreMM5tNo/+SqGUbf/Gq9rb92Ia7bNdZLTYM=,,0,"김현아","","",0,1,"2025-08-06 04:41:47",01032924983,"세종특별자치시",1,hyaaaa@daum.net
42,pbkdf2_sha256$1000000$BWMjQS3uC4kMOlOuFAHxQh$8vdeJ/cxZ3NbQt9k8AkbpYyzseYc8UOBeosMCB/m+RQ=,,0,"최병락","","",0,1,"2025-08-06 04:41:47",01012345678,"부산광역시 해운대구",1,bayng@hanmail.net
43,pbkdf2_sha256$1000000$WDUAa9IliPndfrAkLwZCwI$cS+U9A+T1ng7PHAldttrgUtifEq9fW2L5kHRerCuGiA=,,0,"이준","","",0,1,"2025-08-06 04:41:48",01023847536,"광주광역시 동구",1,junlee@naver.com
44,pbkdf2_sha256$1000000$WuYCHKH9juw2m8Wk1ETzQ5$iiMDAZzqFMybXK+5I9qIMbCI9czC/TNmWaAb4xSaZP4=,,0,"강해인","","",0,1,"2025-08-06 04:41:48",01036749212,"인천광역시 서구",1,haein@daum.net
45,pbkdf2_sha256$1000000$fuRSVmne0ygSSid2YRZIhY$i8SWYjX0xnJfyT7afjbdaOlqFRolrnwe/hpLKpaw90s=,,0,"유지웅","","",0,1,"2025-08-06 04:41:48",01088271836,"전라남도 영광군",1,owng@kmail.com
46,pbkdf2_sha256$1000000$HC9X9vwuxtfm58xW3jzjoJ$cRtvGkBurmNd57llHPAGcUjK+T2mo1Z8utptPgI4QIg=,,0,"이시현","","",0,1,"2025-08-06 04:41:49",01087358080,"서울특별시 영등포구",1,hyeon@gmail.com
47,pbkdf2_sha256$1000000$H6bDn5fmGYwmWuNRLDmeAs$amJar8AsFPaeNTvpcO4BAZtx/L9edS/k6KbH9464Sdw=,,0,"정한영","","",0,1,"2025-08-06 04:41:49",01023971202,"서울특별시 마포구",1,hanyong@kmail.com
48,pbkdf2_sha256$1000000$iiDdARFAdoyQzAfDrJvay0$yYPSdY9mO01K/UeU8qDecmAZfuR5WGPhZdgbivfcl4k=,,0,"곽준우","","",0,1,"2025-08-06 04:41:49",01092835781,"충청북도 청주시",1,gkack@naver.com
49,pbkdf2_sha256$1000000$mArvdSOWfJ90gMJbdojzCC$ejFzlPcDm9urvCxU7tQfdRUPXZ3CyBuIZpwycyqSDVw=,,0,"이성민","","",0,1,"2025-08-06 04:41:50",01065799215,"경상남도 김해시",1,sung@hanmail.net
50,pbkdf2_sha256$1000000$HAwzICSdntT2oy8TBG9KB1$8/yaPjHveFLzQ0OVkSIBJL7DbCc2VMm83EwxG9Hk2Jk=,,0,"봉욱","","",0,1,"2025-08-06 04:41:50",01053819487,"전라남도 나주시",1,wukk@naver.com
51,pbkdf2_sha256$1000000$IzL74uZMRYeDEj9PSQMuwc$tOHdNgszOeLorVIEvcvCm05gmZPkPIZVwb93ezssb2E=,,0,"신윤철","","",0,1,"2025-08-06 04:41:51",01029472948,"서울특별시 광진구",1,siver@gmail.com
52,pbkdf2_sha256$1000000$uOTWRmI8o1iq8X1DWhVwxq$SZ8PxvEOKBQ6Dym5Xnho104GS2OUAVxYfOuiMAZm6As=,,0,"이대훈","","",0,1,"2025-08-06 04:41:51",01087437901,"경상북도 포항시",1,daeeab@naver.com
53,pbkdf2_sha256$1000000$ubQGrftNe7nkdfAIFguLev$pb8Ehl6U3Jxbxnxk6rA5KgvHOF4J1DuIDRP0EhSKR7Y=,,0,"김한결","","",0,1,"2025-08-06 04:41:51",01048938563,"서울특별시 은평구",1,gyeal@daum.net
54,pbkdf2_sha256$1000000$O5RGj6t2bwYCD7uVa9fz9L$xS1JHWDd0ayPL1qo2btrqQAv5sko41K3sM3S/B7tLqs=,,0,"나현준","","",0,1,"2025-08-06 04:41:52",01077992486,"경기도 성남시",1,hyunjun@kmail.com
55,pbkdf2_sha256$1000000$hqOWBF57hFzl0U49yjGALZ$+uPGIRn11d7IuxAgFgFiinqXRmUzZ9Pxywmkv/JZjOE=,,0,"신기선","","",0,1,"2025-08-06 04:41:52",01098765424,"서울특별시 강동구",1,kisun@naver.com
56,pbkdf2_sha256$1000000$7YSoLuidg4DGsYzGcRWu0k$Xq3Ux6y3uNI8teaFUBYGvKsgsXNmvrt5eBUhwbRzNpE=,"2025-08-27 11:47:50.149921",1,yuna,"박윤아","",1,1,"2025-08-06 04:43:06.661608","","",0,ya8030@naver.com
57,pbkdf2_sha256$1000000$0GlWM3WimY7EkudLIXrI8O$BsqIddlp+Qxfo7S0++HzsuxqFSEHDFQjoXKCpnMT8Zo=,,1,jiyoon,"","",1,1,"2025-08-06 04:50:26.169445","","",0,sinji@gmail.com
58,pbkdf2_sha256$1000000$CV8U547RuGKNP5GUkiwqVK$sJx0av2HRNw879OPS8OLu7XuAiAQnZGShdubdsCbv68=,,1,nuri,"","",1,1,"2025-08-06 04:50:50.936413","","",0,yunul@gmail.com
